{
    "iconCreate": [{
        "id": "applyButton",
        "label": "Apply!!",
        "icon": "KamiHikouki"
    }, {
        "id": "saveButton",
        "label": "Save",
        "icon": "KamiHikoukiBlack"
    }, {
        "id": "searchButton",
        "label": "Search",
        "icon": "SearchShadow",
        "selectedColor": "#ffa500"
    }, {
        "id": "checkButton",
        "label": "Check",
        "icon": "CheckSquare"
    }, {
        "id": "fillButton",
        "label": "Data Fill",
        "icon": "Pikoon"
    }, {
        "id": "helpButton",
        "label": "Input Help",
        "icon": "CatHand"
    }]
}
