{
    "masterId": "M001",
    "version": 1,
    "patternId": "P001",
    "tabInfo": {
        "T002": {
            "tabId": "T002",
            "tabName": "プラント",
            "tabNameEn": "PLANT",
            "itemInfo": {
                "I071": {
                    "itemId": "I071",
                    "itemName": "計画カレンダ",
                    "itemDisplayOrder": 39,
                    "inputPossible": "0",
                    "mandatory": "0",
                    "headerDivision": "0"
                },
                "I070": {
                    "itemId": "I070",
                    "itemName": "利益センタ",
                    "itemDisplayOrder": 38,
                    "inputPossible": "0",
                    "mandatory": "0",
                    "headerDivision": "0"
                },
                "I051": {
                    "itemId": "I051",
                    "itemName": "供給量割当の使用",
                    "itemDisplayOrder": 19,
                    "inputPossible": "0",
                    "mandatory": "0",
                    "headerDivision": "0"
                },
                "I073": {
                    "itemId": "I073",
                    "itemName": "繰返生産プロファイル",
                    "itemDisplayOrder": 41,
                    "inputPossible": "0",
                    "mandatory": "0",
                    "headerDivision": "0"
                },
                "I050": {
                    "itemId": "I050",
                    "itemName": "区分:重要品目",
                    "itemDisplayOrder": 18,
                    "inputPossible": "0",
                    "mandatory": "0",
                    "headerDivision": "0"
                },
                "I072": {
                    "itemId": "I072",
                    "itemName": "繰返生産",
                    "itemDisplayOrder": 40,
                    "inputPossible": "0",
                    "mandatory": "0",
                    "headerDivision": "0"
                },
                "I053": {
                    "itemId": "I053",
                    "itemName": "換算グループ",
                    "itemDisplayOrder": 21,
                    "inputPossible": "1",
                    "mandatory": "0",
                    "headerDivision": "0"
                },
                "I052": {
                    "itemId": "I052",
                    "itemName": "数量単位グループ",
                    "itemDisplayOrder": 20,
                    "inputPossible": "1",
                    "mandatory": "0",
                    "headerDivision": "0"
                },
                "I074": {
                    "itemId": "I074",
                    "itemName": "原価計算ロットサイズ",
                    "itemDisplayOrder": 42,
                    "inputPossible": "0",
                    "mandatory": "0",
                    "headerDivision": "0"
                },
                "I055": {
                    "itemId": "I055",
                    "itemName": "MRPタイプ",
                    "itemDisplayOrder": 23,
                    "inputPossible": "0",
                    "mandatory": "0",
                    "headerDivision": "0"
                },
                "I054": {
                    "itemId": "I054",
                    "itemName": "浮力係数",
                    "itemDisplayOrder": 22,
                    "inputPossible": "1",
                    "mandatory": "0",
                    "headerDivision": "0"
                },
                "I057": {
                    "itemId": "I057",
                    "itemName": "MRP管理者",
                    "itemDisplayOrder": 25,
                    "inputPossible": "1",
                    "mandatory": "0",
                    "headerDivision": "0"
                },
                "I056": {
                    "itemId": "I056",
                    "itemName": "MRPグループ",
                    "itemDisplayOrder": 24,
                    "inputPossible": "0",
                    "mandatory": "0",
                    "headerDivision": "0"
                },
                "I037": {
                    "itemId": "I037",
                    "itemName": "プラント",
                    "itemDisplayOrder": 5,
                    "inputPossible": "0",
                    "mandatory": "0",
                    "headerDivision": "0"
                },
                "I059": {
                    "itemId": "I059",
                    "itemName": "出庫保管場所",
                    "itemDisplayOrder": 27,
                    "inputPossible": "0",
                    "mandatory": "0",
                    "headerDivision": "0"
                },
                "I058": {
                    "itemId": "I058",
                    "itemName": "調達タイプ",
                    "itemDisplayOrder": 26,
                    "inputPossible": "0",
                    "mandatory": "0",
                    "headerDivision": "0"
                },
                "I039": {
                    "itemId": "I039",
                    "itemName": "ロット管理所要量区分",
                    "itemDisplayOrder": 7,
                    "inputPossible": "0",
                    "mandatory": "0",
                    "headerDivision": "0"
                },
                "I038": {
                    "itemId": "I038",
                    "itemName": "利用可能在庫確認の確認グループ",
                    "itemDisplayOrder": 6,
                    "inputPossible": "0",
                    "mandatory": "0",
                    "headerDivision": "0"
                },
                "I060": {
                    "itemId": "I060",
                    "itemName": "計画タイムフェンス",
                    "itemDisplayOrder": 28,
                    "inputPossible": "0",
                    "mandatory": "0",
                    "headerDivision": "0"
                },
                "I040": {
                    "itemId": "I040",
                    "itemName": "ABC区分",
                    "itemDisplayOrder": 8,
                    "inputPossible": "1",
                    "mandatory": "0",
                    "headerDivision": "0"
                },
                "I062": {
                    "itemId": "I062",
                    "itemName": "外部調達保管場所",
                    "itemDisplayOrder": 30,
                    "inputPossible": "0",
                    "mandatory": "0",
                    "headerDivision": "0"
                },
                "I061": {
                    "itemId": "I061",
                    "itemName": "ロットサイズキー",
                    "itemDisplayOrder": 29,
                    "inputPossible": "0",
                    "mandatory": "0",
                    "headerDivision": "0"
                },
                "I042": {
                    "itemId": "I042",
                    "itemName": "プラントにおけるマイナス在庫許可",
                    "itemDisplayOrder": 10,
                    "inputPossible": "0",
                    "mandatory": "0",
                    "headerDivision": "0"
                },
                "I064": {
                    "itemId": "I064",
                    "itemName": "区分:過剰納入無制限許容",
                    "itemDisplayOrder": 32,
                    "inputPossible": "0",
                    "mandatory": "0",
                    "headerDivision": "0"
                },
                "I041": {
                    "itemId": "I041",
                    "itemName": "積載グループ",
                    "itemDisplayOrder": 9,
                    "inputPossible": "1",
                    "mandatory": "0",
                    "headerDivision": "0"
                },
                "I063": {
                    "itemId": "I063",
                    "itemName": "製造計画プロファイル",
                    "itemDisplayOrder": 31,
                    "inputPossible": "0",
                    "mandatory": "0",
                    "headerDivision": "0"
                },
                "I044": {
                    "itemId": "I044",
                    "itemName": "購買グループ",
                    "itemDisplayOrder": 12,
                    "inputPossible": "0",
                    "mandatory": "0",
                    "headerDivision": "0"
                },
                "I066": {
                    "itemId": "I066",
                    "itemName": "品目/プラントにQM検査データ設定",
                    "itemDisplayOrder": 34,
                    "inputPossible": "0",
                    "mandatory": "0",
                    "headerDivision": "0"
                },
                "I043": {
                    "itemId": "I043",
                    "itemName": "貿易の統計品目コード/輸入コード番号",
                    "itemDisplayOrder": 11,
                    "inputPossible": "0",
                    "mandatory": "0",
                    "headerDivision": "0"
                },
                "I065": {
                    "itemId": "I065",
                    "itemName": "丸め数量",
                    "itemDisplayOrder": 33,
                    "inputPossible": "0",
                    "mandatory": "0",
                    "headerDivision": "0"
                },
                "I046": {
                    "itemId": "I046",
                    "itemName": "納入予定日数",
                    "itemDisplayOrder": 14,
                    "inputPossible": "0",
                    "mandatory": "0",
                    "headerDivision": "0"
                },
                "I068": {
                    "itemId": "I068",
                    "itemName": "原価計算なし",
                    "itemDisplayOrder": 36,
                    "inputPossible": "0",
                    "mandatory": "0",
                    "headerDivision": "0"
                },
                "I001": {
                    "itemId": "I001",
                    "itemName": "品目コード",
                    "itemDisplayOrder": 1,
                    "inputPossible": "0",
                    "mandatory": "1",
                    "headerDivision": "1",
                    "type": "text"
                },
                "I045": {
                    "itemId": "I045",
                    "itemName": "プラント固有品目ステータス",
                    "itemDisplayOrder": 13,
                    "inputPossible": "0",
                    "mandatory": "0",
                    "headerDivision": "0"
                },
                "I067": {
                    "itemId": "I067",
                    "itemName": "平均品質検査期間",
                    "itemDisplayOrder": 35,
                    "inputPossible": "0",
                    "mandatory": "0",
                    "headerDivision": "0"
                },
                "I004": {
                    "itemId": "I004",
                    "itemName": "品目テキスト",
                    "itemDisplayOrder": 3,
                    "inputPossible": "0",
                    "mandatory": "0",
                    "headerDivision": "0"
                },
                "I048": {
                    "itemId": "I048",
                    "itemName": "自動発注区分",
                    "itemDisplayOrder": 16,
                    "inputPossible": "0",
                    "mandatory": "0",
                    "headerDivision": "0"
                },
                "I003": {
                    "itemId": "I003",
                    "itemName": "品目タイプ",
                    "itemDisplayOrder": 2,
                    "inputPossible": "0",
                    "mandatory": "1",
                    "headerDivision": "1",
                    "type": "select",
                    "options": [{
                            "value": "",
                            "label": ""
                        }, {
                            "value": "A",
                            "label": "原材料"
                        },
                        {
                            "value": "B",
                            "label": "商品"
                        },
                        {
                            "value": "C",
                            "label": "半製品"
                        },
                        {
                            "value": "D",
                            "label": "製品"
                        },
                        {
                            "value": "E",
                            "label": "サービス"
                        }

                    ]
                },
                "I047": {
                    "itemId": "I047",
                    "itemName": "プラント品目ステータス有効期間開始日",
                    "itemDisplayOrder": 15,
                    "inputPossible": "0",
                    "mandatory": "0",
                    "headerDivision": "0"
                },
                "I069": {
                    "itemId": "I069",
                    "itemName": "特殊調達タイプ",
                    "itemDisplayOrder": 37,
                    "inputPossible": "0",
                    "mandatory": "0",
                    "headerDivision": "0"
                },
                "I005": {
                    "itemId": "I005",
                    "itemName": "基本数量単位",
                    "itemDisplayOrder": 4,
                    "inputPossible": "0",
                    "mandatory": "0",
                    "headerDivision": "0"
                },
                "I049": {
                    "itemId": "I049",
                    "itemName": "入庫処理日数",
                    "itemDisplayOrder": 17,
                    "inputPossible": "0",
                    "mandatory": "0",
                    "headerDivision": "0"
                }
            },
            "itemNameList": ["品目コード", "品目タイプ", "品目テキスト", "基本数量単位", "プラント", "利用可能在庫確認の確認グループ", "ロット管理所要量区分", "ABC区分", "積載グループ", "プラントにおけるマイナス在庫許可", "貿易の統計品目コード/輸入コード番号", "購買グループ", "プラント固有品目ステータス", "納入予定日数", "プラント品目ステータス有効期間開始日", "自動発注区分", "入庫処理日数", "区分:重要品目", "供給量割当の使用", "数量単位グループ", "換算グループ", "浮力係数", "MRPタイプ", "MRPグループ", "MRP管理者", "調達タイプ", "出庫保管場所", "計画タイムフェンス", "ロットサイズキー", "外部調達保管場所", "製造計画プロファイル", "区分:過剰納入無制限許容", "丸め数量", "品目/プラントにQM検査データ設定", "平均品質検査期間", "原価計算なし", "特殊調達タイプ", "利益センタ", "計画カレンダ", "繰返生産", "繰返生産プロファイル", "原価計算ロットサイズ"]
        },
        "T001": {
            "tabId": "T001",
            "tabName": "一般",
            "tabNameEn": "General",
            "itemInfo": {
                "I031": {
                    "itemId": "I031",
                    "itemName": "有効期限日期間区分",
                    "itemDisplayOrder": 31,
                    "inputPossible": "0",
                    "mandatory": "0",
                    "headerDivision": "0"
                },
                "I030": {
                    "itemId": "I030",
                    "itemName": "最低残存有効期間",
                    "itemDisplayOrder": 30,
                    "inputPossible": "0",
                    "mandatory": "0",
                    "headerDivision": "0"
                },
                "I011": {
                    "itemId": "I011",
                    "itemName": "プラント共通品目ステータス",
                    "itemDisplayOrder": 11,
                    "inputPossible": "0",
                    "mandatory": "0",
                    "headerDivision": "0"
                },
                "I033": {
                    "itemId": "I033",
                    "itemName": "検査テキスト",
                    "itemDisplayOrder": 33,
                    "inputPossible": "0",
                    "mandatory": "0",
                    "headerDivision": "0"
                },
                "I010": {
                    "itemId": "I010",
                    "itemName": "品目階層",
                    "itemDisplayOrder": 10,
                    "inputPossible": "0",
                    "mandatory": "0",
                    "headerDivision": "0"
                },
                "I032": {
                    "itemId": "I032",
                    "itemName": "有効期間期限日計算の丸め規則",
                    "itemDisplayOrder": 32,
                    "inputPossible": "0",
                    "mandatory": "0",
                    "headerDivision": "0"
                },
                "I013": {
                    "itemId": "I013",
                    "itemName": "重量単位",
                    "itemDisplayOrder": 13,
                    "inputPossible": "0",
                    "mandatory": "0",
                    "headerDivision": "0"
                },
                "I035": {
                    "itemId": "I035",
                    "itemName": "適用開始年月日",
                    "itemDisplayOrder": 35,
                    "inputPossible": "0",
                    "mandatory": "0",
                    "headerDivision": "0"
                },
                "I012": {
                    "itemId": "I012",
                    "itemName": "総重量",
                    "itemDisplayOrder": 12,
                    "inputPossible": "0",
                    "mandatory": "0",
                    "headerDivision": "0"
                },
                "I034": {
                    "itemId": "I034",
                    "itemName": "購買発注テキスト",
                    "itemDisplayOrder": 34,
                    "inputPossible": "0",
                    "mandatory": "0",
                    "headerDivision": "0"
                },
                "I015": {
                    "itemId": "I015",
                    "itemName": "容積",
                    "itemDisplayOrder": 15,
                    "inputPossible": "0",
                    "mandatory": "0",
                    "headerDivision": "0"
                },
                "I014": {
                    "itemId": "I014",
                    "itemName": "正味重量",
                    "itemDisplayOrder": 14,
                    "inputPossible": "0",
                    "mandatory": "0",
                    "headerDivision": "0"
                },
                "I036": {
                    "itemId": "I036",
                    "itemName": "追加項目",
                    "itemDisplayOrder": 36,
                    "inputPossible": "0",
                    "mandatory": "0",
                    "headerDivision": "0"
                },
                "I017": {
                    "itemId": "I017",
                    "itemName": "国際商品コード(EAN/UPC)",
                    "itemDisplayOrder": 17,
                    "inputPossible": "0",
                    "mandatory": "0",
                    "headerDivision": "0"
                },
                "I016": {
                    "itemId": "I016",
                    "itemName": "容積単位",
                    "itemDisplayOrder": 16,
                    "inputPossible": "0",
                    "mandatory": "0",
                    "headerDivision": "0"
                },
                "I019": {
                    "itemId": "I019",
                    "itemName": "標準テキスト(ANSI、ISOなど)",
                    "itemDisplayOrder": 19,
                    "inputPossible": "0",
                    "mandatory": "0",
                    "headerDivision": "0"
                },
                "I018": {
                    "itemId": "I018",
                    "itemName": "品目グループ:梱包材",
                    "itemDisplayOrder": 18,
                    "inputPossible": "0",
                    "mandatory": "0",
                    "headerDivision": "0"
                },
                "I020": {
                    "itemId": "I020",
                    "itemName": "文書タイプ",
                    "itemDisplayOrder": 20,
                    "inputPossible": "0",
                    "mandatory": "0",
                    "headerDivision": "0"
                },
                "I022": {
                    "itemId": "I022",
                    "itemName": "文書バージョン",
                    "itemDisplayOrder": 22,
                    "inputPossible": "0",
                    "mandatory": "0",
                    "headerDivision": "0"
                },
                "I021": {
                    "itemId": "I021",
                    "itemName": "正式名称",
                    "itemDisplayOrder": 21,
                    "inputPossible": "0",
                    "mandatory": "0",
                    "headerDivision": "0"
                },
                "I002": {
                    "itemId": "I002",
                    "itemName": "産業コード",
                    "itemDisplayOrder": 2,
                    "inputPossible": "0",
                    "mandatory": "1",
                    "headerDivision": "1"
                },
                "I024": {
                    "itemId": "I024",
                    "itemName": "輸送グループ",
                    "itemDisplayOrder": 24,
                    "inputPossible": "0",
                    "mandatory": "0",
                    "headerDivision": "0"
                },
                "I001": {
                    "itemId": "I001",
                    "itemName": "品目コード",
                    "itemDisplayOrder": 1,
                    "inputPossible": "0",
                    "mandatory": "1",
                    "headerDivision": "1",
                    "type": "text"
                },
                "I023": {
                    "itemId": "I023",
                    "itemName": "文書変更番号",
                    "itemDisplayOrder": 23,
                    "inputPossible": "0",
                    "mandatory": "0",
                    "headerDivision": "0"
                },
                "I004": {
                    "itemId": "I004",
                    "itemName": "品目テキスト",
                    "itemDisplayOrder": 4,
                    "inputPossible": "0",
                    "mandatory": "0",
                    "headerDivision": "0"
                },
                "I026": {
                    "itemId": "I026",
                    "itemName": "発注単位",
                    "itemDisplayOrder": 26,
                    "inputPossible": "1",
                    "mandatory": "0",
                    "headerDivision": "0"
                },
                "I003": {
                    "itemId": "I003",
                    "itemName": "品目タイプ",
                    "itemDisplayOrder": 3,
                    "inputPossible": "0",
                    "mandatory": "0",
                    "headerDivision": "0",
                    "type": "select",
                    "options": [{
                            "value": "",
                            "label": ""
                        }, {
                            "value": "A",
                            "label": "原材料"
                        },
                        {
                            "value": "B",
                            "label": "商品"
                        },
                        {
                            "value": "C",
                            "label": "半製品"
                        },
                        {
                            "value": "D",
                            "label": "製品"
                        },
                        {
                            "value": "E",
                            "label": "サービス"
                        }

                    ]
                },
                "I025": {
                    "itemId": "I025",
                    "itemName": "品目の原産国",
                    "itemDisplayOrder": 25,
                    "inputPossible": "0",
                    "mandatory": "0",
                    "headerDivision": "0"
                },
                "I006": {
                    "itemId": "I006",
                    "itemName": "旧品目コード",
                    "itemDisplayOrder": 6,
                    "inputPossible": "0",
                    "mandatory": "0",
                    "headerDivision": "0"
                },
                "I028": {
                    "itemId": "I028",
                    "itemName": "購買許容値キー",
                    "itemDisplayOrder": 28,
                    "inputPossible": "1",
                    "mandatory": "0",
                    "headerDivision": "0"
                },
                "I005": {
                    "itemId": "I005",
                    "itemName": "基本数量単位",
                    "itemDisplayOrder": 5,
                    "inputPossible": "0",
                    "mandatory": "0",
                    "headerDivision": "0"
                },
                "I027": {
                    "itemId": "I027",
                    "itemName": "可変発注単位有効",
                    "itemDisplayOrder": 27,
                    "inputPossible": "1",
                    "mandatory": "0",
                    "headerDivision": "0"
                },
                "I008": {
                    "itemId": "I008",
                    "itemName": "製品部門",
                    "itemDisplayOrder": 8,
                    "inputPossible": "0",
                    "mandatory": "0",
                    "headerDivision": "0"
                },
                "I007": {
                    "itemId": "I007",
                    "itemName": "外部品目グループ",
                    "itemDisplayOrder": 7,
                    "inputPossible": "0",
                    "mandatory": "0",
                    "headerDivision": "0"
                },
                "I029": {
                    "itemId": "I029",
                    "itemName": "総有効期間",
                    "itemDisplayOrder": 29,
                    "inputPossible": "0",
                    "mandatory": "0",
                    "headerDivision": "0"
                },
                "I009": {
                    "itemId": "I009",
                    "itemName": "研究室/設計室",
                    "itemDisplayOrder": 9,
                    "inputPossible": "0",
                    "mandatory": "0",
                    "headerDivision": "0"
                }
            },
            "itemNameList": ["品目コード", "産業コード", "品目タイプ", "品目テキスト", "基本数量単位", "旧品目コード", "外部品目グループ", "製品部門", "研究室/設計室", "品目階層", "プラント共通品目ステータス", "総重量", "重量単位", "正味重量", "容積", "容積単位", "国際商品コード(EAN/UPC)", "品目グループ:梱包材", "標準テキスト(ANSI、ISOなど)", "文書タイプ", "正式名称", "文書バージョン", "文書変更番号", "輸送グループ", "品目の原産国", "発注単位", "可変発注単位有効", "購買許容値キー", "総有効期間", "最低残存有効期間", "有効期限日期間区分", "有効期間期限日計算の丸め規則", "検査テキスト", "購買発注テキスト", "適用開始年月日", "追加項目"]
        }
    },
    "searchItems": {
        "T001": [
            "I001", "I003"
        ]
    }
}
